Model,PredictorPerc,Token-Hit-Acc
Llama-3.2-3B,1.0044231171425824,69.93%
Llama-3.2-1B,0.9927875151822696,73.32%
Llama-2-7b-hf,1.2183570704607543,74.95%
Llama-3.1-8B,1.0243718119074152,71.29%
Mistral-7B-v0.1,1.1346425660897954,72.98%
Phi-3.5-mini-instruct,1.1417245558216527,75.65%
Phi-3-mini-4k-instruct,1.1417245558216527,75.47%
Qwen2.5-3B,1.0696033624980703,73.13%